date,open,high,low,close,volume
2018-01-02T20:00:00,12897.69,12924.16,12745.15,12871.39,0
2018-01-03T20:00:00,12916.18,13023.59,12893.05,12978.21,0
2018-01-04T20:00:00,13065.98,13208.35,13062.67,13167.89,0
2018-01-05T20:00:00,13219.11,13332.80,13219.11,13319.64,0
2018-01-08T20:00:00,13399.62,13407.82,13334.16,13367.78,0
2018-01-09T20:00:00,13383.26,13425.02,13361.22,13385.59,0
2018-01-10T20:00:00,13355.28,13377.88,13227.57,13281.34,0
2018-01-11T20:00:00,13281.20,13298.65,13151.84,13202.90,0
2018-01-12T20:00:00,13241.28,13265.14,13168.01,13245.03,0
2018-01-15T20:00:00,13244.37,13250.37,13173.71,13200.51,0
2018-01-16T20:00:00,13228.60,13351.09,13196.56,13246.33,0
2018-01-17T20:00:00,13200.92,13251.44,13137.51,13183.96,0
2018-01-18T20:00:00,13250.25,13293.29,13201.34,13281.43,0
2018-01-19T20:00:00,13297.74,13445.47,13294.81,13434.45,0
2018-01-22T20:00:00,13435.14,13470.05,13410.96,13463.69,0
2018-01-23T20:00:00,13577.14,13596.89,13517.81,13559.60,0
2018-01-24T20:00:00,13572.71,13576.84,13414.74,13414.74,0
2018-01-25T20:00:00,13374.38,13443.36,13222.47,13298.36,0
2018-01-26T20:00:00,13297.51,13348.69,13268.31,13340.17,0
2018-01-29T20:00:00,13358.90,13370.02,13274.84,13324.48,0
2018-01-30T20:00:00,13223.97,13309.86,13171.91,13197.71,0
2018-01-31T20:00:00,13210.76,13268.41,13159.35,13189.48,0
2018-02-01T20:00:00,13235.15,13301.41,12971.78,13003.90,0
2018-02-02T20:00:00,12954.59,12954.59,12782.07,12785.16,0
2018-02-05T20:00:00,12687.79,12752.60,12622.44,12687.49,0
2018-02-06T20:00:00,12232.86,12550.16,12232.86,12392.66,0
2018-02-07T20:00:00,12478.68,12651.28,12414.84,12590.43,0
2018-02-08T20:00:00,12506.18,12541.32,12187.45,12260.29,0
2018-02-09T20:00:00,12263.10,12296.18,12003.36,12107.48,0
2018-02-12T20:00:00,12238.63,12379.16,12222.34,12282.77,0
2018-02-13T20:00:00,12282.76,12300.63,12196.22,12196.50,0
2018-02-14T20:00:00,12294.85,12393.71,12075.21,12339.16,0
2018-02-15T20:00:00,12425.45,12479.97,12275.04,12346.17,0
2018-02-16T20:00:00,12408.48,12484.12,12368.71,12451.96,0
2018-02-19T20:00:00,12495.07,12505.49,12361.86,12385.60,0
2018-02-20T20:00:00,12403.63,12496.10,12333.79,12487.90,0
2018-02-21T20:00:00,12457.22,12474.37,12372.26,12470.49,0
2018-02-22T20:00:00,12358.82,12497.71,12283.70,12461.91,0
2018-02-23T20:00:00,12491.77,12513.32,12431.94,12483.79,0
2018-02-26T20:00:00,12566.05,12601.46,12484.59,12527.04,0
2018-02-27T20:00:00,12573.65,12577.56,12436.13,12490.73,0
2018-02-28T20:00:00,12427.46,12516.92,12417.96,12435.85,0
2018-03-01T20:00:00,12386.40,12387.88,12143.14,12190.94,0
2018-03-02T20:00:00,12051.89,12081.40,11877.66,11913.71,0
2018-03-05T20:00:00,11831.57,12110.18,11830.98,12090.87,0
2018-03-06T20:00:00,12229.29,12259.58,12110.34,12113.87,0
2018-03-07T20:00:00,12060.09,12275.69,12020.61,12245.36,0
2018-03-08T20:00:00,12237.94,12382.69,12177.12,12355.57,0
2018-03-09T20:00:00,12331.64,12407.98,12284.57,12346.68,0
2018-03-12T20:00:00,12453.30,12454.96,12361.01,12418.39,0
2018-03-13T20:00:00,12425.69,12459.90,12162.47,12221.03,0
2018-03-14T20:00:00,12212.49,12322.89,12202.76,12237.74,0
2018-03-15T20:00:00,12284.14,12378.39,12239.96,12345.56,0
2018-03-16T20:00:00,12345.56,12454.02,12337.62,12389.58,0
2018-03-19T20:00:00,12346.51,12369.77,12183.79,12217.02,0
2018-03-20T20:00:00,12261.19,12320.00,12191.55,12307.33,0
2018-03-21T20:00:00,12336.76,12344.09,12250.37,12309.15,0
2018-03-22T20:00:00,12187.73,12267.17,12009.50,12100.08,0
2018-03-23T20:00:00,11995.51,12001.78,11818.70,11886.31,0
2018-03-26T20:00:00,11919.64,11984.50,11726.62,11787.26,0
2018-03-27T20:00:00,11996.35,12042.78,11927.91,11970.83,0
2018-03-28T20:00:00,11868.08,11961.16,11770.40,11940.71,0
2018-03-29T20:00:00,11956.34,12151.31,11942.28,12096.73,0
2018-04-03T20:00:00,11997.47,12069.48,11913.62,12002.45,0
2018-04-04T20:00:00,12000.47,12011.12,11792.35,11957.90,0
2018-04-05T20:00:00,12153.61,12322.37,12135.64,12305.19,0
2018-04-06T20:00:00,12242.94,12290.03,12202.05,12241.27,0
2018-04-09T20:00:00,12311.02,12371.11,12205.39,12261.75,0
2018-04-10T20:00:00,12389.90,12428.90,12334.95,12397.32,0
2018-04-11T20:00:00,12372.07,12381.53,12256.59,12293.97,0
2018-04-12T20:00:00,12282.39,12434.24,12263.70,12415.01,0
2018-04-13T20:00:00,12461.31,12523.97,12411.65,12442.40,0
2018-04-16T20:00:00,12478.99,12487.04,12375.63,12391.41,0
2018-04-17T20:00:00,12443.20,12614.25,12417.26,12585.57,0
2018-04-18T20:00:00,12597.58,12640.25,12548.45,12590.83,0
2018-04-19T20:00:00,12595.61,12595.61,12534.63,12567.42,0
2018-04-20T20:00:00,12555.96,12585.37,12490.77,12540.50,0
2018-04-23T20:00:00,12538.16,12588.23,12466.47,12572.39,0
2018-04-24T20:00:00,12602.41,12647.16,12481.30,12550.82,0
2018-04-25T20:00:00,12456.82,12484.78,12312.27,12422.30,0
2018-04-26T20:00:00,12395.90,12503.22,12383.95,12500.47,0
2018-04-27T20:00:00,12572.72,12627.71,12518.03,12580.87,0
2018-04-30T20:00:00,12606.27,12622.93,12563.74,12612.11,0
2018-05-02T20:00:00,12610.78,12827.54,12605.38,12802.25,0
2018-05-03T20:00:00,12775.66,12798.16,12665.33,12690.15,0
2018-05-04T20:00:00,12733.19,12819.60,12707.86,12819.60,0
2018-05-07T20:00:00,12827.43,12961.05,12813.55,12948.14,0
2018-05-08T20:00:00,12924.23,12933.67,12855.09,12912.21,0
2018-05-09T20:00:00,12917.82,12962.52,12890.38,12943.06,0
2018-05-10T20:00:00,12975.09,13034.21,12928.51,13022.87,0
2018-05-11T20:00:00,13023.00,13033.30,12964.00,13001.24,0
2018-05-14T20:00:00,13009.83,13015.10,12927.24,12977.71,0
2018-05-15T20:00:00,12947.97,13006.34,12918.29,12970.04,0
2018-05-16T20:00:00,12983.49,13030.76,12960.53,12996.33,0
2018-05-17T20:00:00,12985.14,13114.63,12981.89,13114.61,0
2018-05-18T20:00:00,13115.63,13133.19,13051.13,13077.72,0
2018-05-22T20:00:00,13132.56,13204.31,13061.77,13169.92,0
2018-05-23T20:00:00,13138.83,13148.05,12929.90,12976.84,0
2018-05-24T20:00:00,12955.94,13006.44,12801.82,12855.09,0
2018-05-25T20:00:00,12917.15,13002.47,12852.17,12938.01,0
2018-05-28T20:00:00,13016.55,13040.63,12828.26,12863.46,0
2018-05-29T20:00:00,12786.15,12803.29,12608.70,12666.51,0
2018-05-30T20:00:00,12693.33,12783.76,12663.37,12783.76,0
2018-05-31T20:00:00,12796.16,12803.60,12547.61,12604.89,0
2018-06-01T20:00:00,12678.07,12800.45,12660.79,12724.27,0
2018-06-04T20:00:00,12839.44,12846.26,12714.03,12770.75,0
2018-06-05T20:00:00,12766.16,12925.24,12753.30,12787.13,0
2018-06-06T20:00:00,12813.39,12872.90,12729.23,12830.07,0
2018-06-07T20:00:00,12877.85,12914.85,12760.54,12811.05,0
2018-06-08T20:00:00,12668.77,12795.64,12610.68,12766.55,0
2018-06-11T20:00:00,12816.32,12861.95,12751.66,12842.91,0
2018-06-12T20:00:00,12924.03,12948.52,12816.07,12842.30,0
2018-06-13T20:00:00,12857.16,12905.67,12781.23,12890.58,0
2018-06-14T20:00:00,12806.07,13135.97,12800.66,13107.10,0
2018-06-15T20:00:00,13115.85,13170.05,13010.54,13010.55,0
2018-06-18T20:00:00,12945.53,12982.92,12784.48,12834.11,0
2018-06-19T20:00:00,12647.07,12708.71,12594.51,12677.97,0
2018-06-20T20:00:00,12731.66,12760.20,12670.78,12695.16,0
2018-06-21T20:00:00,12699.71,12719.45,12472.98,12511.91,0
2018-06-22T20:00:00,12507.72,12579.72,12486.26,12579.72,0
2018-06-25T20:00:00,12497.48,12518.89,12270.33,12270.33,0
2018-06-26T20:00:00,12333.44,12355.86,12188.50,12234.34,0
2018-06-27T20:00:00,12247.75,12439.91,12124.87,12348.61,0
2018-06-28T20:00:00,12289.81,12375.37,12104.41,12177.23,0
2018-06-29T20:00:00,12322.64,12382.87,12260.91,12306.00,0
2018-07-02T20:00:00,12147.94,12301.93,12132.72,12238.17,0
2018-07-03T20:00:00,12321.07,12428.14,12278.39,12349.14,0
2018-07-04T20:00:00,12323.75,12350.68,12284.56,12317.61,0
2018-07-05T20:00:00,12363.05,12516.51,12361.86,12464.29,0
2018-07-06T20:00:00,12506.27,12508.08,12426.40,12496.17,0
2018-07-09T20:00:00,12541.74,12559.97,12490.40,12543.89,0
2018-07-10T20:00:00,12580.31,12639.79,12530.71,12609.85,0
2018-07-11T20:00:00,12506.99,12514.75,12398.47,12417.13,0
2018-07-12T20:00:00,12464.06,12505.20,12408.63,12492.97,0
2018-07-13T20:00:00,12549.23,12583.79,12499.30,12540.73,0
2018-07-16T20:00:00,12530.98,12604.24,12506.99,12561.02,0
2018-07-17T20:00:00,12566.97,12688.50,12522.05,12661.54,0
2018-07-18T20:00:00,12728.41,12778.96,12715.52,12765.94,0
2018-07-19T20:00:00,12740.68,12759.42,12658.37,12686.29,0
2018-07-20T20:00:00,12664.45,12706.84,12469.50,12561.42,0
2018-07-23T20:00:00,12510.23,12565.12,12489.33,12548.57,0
2018-07-24T20:00:00,12590.79,12755.27,12585.91,12689.39,0
2018-07-25T20:00:00,12685.68,12695.12,12538.12,12579.33,0
2018-07-26T20:00:00,12732.88,12827.71,12701.56,12809.23,0
2018-07-27T20:00:00,12825.75,12886.83,12815.12,12860.40,0
2018-07-30T20:00:00,12822.87,12848.95,12798.20,12798.20,0
2018-07-31T20:00:00,12809.74,12860.59,12739.83,12805.50,0
2018-08-01T20:00:00,12826.70,12833.11,12706.34,12737.05,0
2018-08-02T20:00:00,12617.63,12619.60,12493.20,12546.33,0
2018-08-03T20:00:00,12572.61,12644.52,12561.62,12615.76,0
2018-08-06T20:00:00,12631.40,12715.78,12538.35,12598.21,0
2018-08-07T20:00:00,12656.87,12738.53,12646.16,12648.19,0
2018-08-08T20:00:00,12622.98,12704.58,12586.23,12633.54,0
2018-08-09T20:00:00,12623.14,12696.52,12577.34,12676.11,0
2018-08-10T20:00:00,12574.20,12585.83,12390.40,12424.35,0
2018-08-13T20:00:00,12346.75,12396.86,12323.20,12358.74,0
2018-08-14T20:00:00,12444.63,12461.82,12294.90,12358.87,0
2018-08-15T20:00:00,12400.27,12428.56,12120.65,12163.01,0
2018-08-16T20:00:00,12202.13,12251.40,12168.92,12237.17,0
2018-08-17T20:00:00,12242.06,12244.67,12135.64,12210.55,0
2018-08-20T20:00:00,12263.01,12373.36,12245.56,12331.30,0
2018-08-21T20:00:00,12320.56,12432.66,12316.35,12384.49,0
2018-08-22T20:00:00,12355.53,12438.66,12345.32,12385.70,0
2018-08-23T20:00:00,12367.48,12411.01,12353.55,12365.58,0
2018-08-24T20:00:00,12396.69,12444.35,12344.45,12394.52,0
2018-08-27T20:00:00,12462.75,12562.37,12429.34,12538.31,0
2018-08-28T20:00:00,12578.65,12597.02,12527.42,12527.42,0
2018-08-29T20:00:00,12553.86,12569.06,12499.53,12561.68,0
2018-08-30T20:00:00,12516.55,12529.30,12400.12,12494.24,0
2018-08-31T20:00:00,12418.26,12426.86,12348.91,12364.06,0
2018-09-03T20:00:00,12338.36,12358.17,12300.47,12346.41,0
2018-09-04T20:00:00,12389.46,12402.87,12162.71,12210.21,0
2018-09-05T20:00:00,12161.65,12167.36,12035.76,12040.46,0
2018-09-06T20:00:00,11995.81,12091.98,11944.50,11955.25,0
2018-09-07T20:00:00,11960.10,11990.81,11888.57,11959.63,0
2018-09-10T20:00:00,11950.55,12039.22,11930.30,11986.34,0
2018-09-11T20:00:00,12013.01,12017.73,11865.47,11970.27,0
2018-09-12T20:00:00,11989.27,12046.66,11952.49,12032.30,0
2018-09-13T20:00:00,12036.79,12129.81,12017.41,12055.55,0
2018-09-14T20:00:00,12109.37,12134.54,12075.58,12124.33,0
2018-09-17T20:00:00,12056.38,12123.09,12040.80,12096.41,0
2018-09-18T20:00:00,12097.19,12184.41,12064.41,12157.67,0
2018-09-19T20:00:00,12168.20,12241.14,12165.08,12219.02,0
2018-09-20T20:00:00,12210.95,12354.38,12210.57,12326.48,0
2018-09-21T20:00:00,12402.72,12458.30,12373.95,12430.88,0
2018-09-24T20:00:00,12383.42,12409.96,12349.30,12350.82,0
2018-09-25T20:00:00,12341.85,12416.87,12322.19,12374.66,0
2018-09-26T20:00:00,12395.20,12395.92,12329.52,12385.89,0
2018-09-27T20:00:00,12329.40,12456.69,12272.65,12435.59,0
2018-09-28T20:00:00,12381.36,12394.16,12190.57,12246.73,0
2018-10-01T20:00:00,12265.89,12373.29,12263.10,12339.03,0
2018-10-02T20:00:00,12229.07,12310.76,12203.60,12287.58,0
2018-10-04T20:00:00,12275.07,12348.86,12174.69,12244.14,0
2018-10-05T20:00:00,12236.29,12245.41,12103.55,12111.90,0
2018-10-08T20:00:00,12044.96,12072.27,11938.80,11947.16,0
2018-10-09T20:00:00,11963.63,11998.64,11803.19,11977.22,0
2018-10-10T20:00:00,11976.70,11978.80,11712.27,11712.50,0
2018-10-11T20:00:00,11558.98,11700.50,11518.56,11539.35,0
2018-10-12T20:00:00,11691.47,11693.84,11514.55,11523.81,0
2018-10-15T20:00:00,11523.81,11625.02,11459.08,11614.16,0
2018-10-16T20:00:00,11637.62,11790.15,11606.97,11776.55,0
2018-10-17T20:00:00,11811.47,11847.79,11669.96,11715.03,0
2018-10-18T20:00:00,11695.19,11791.22,11586.32,11589.21,0
2018-10-19T20:00:00,11578.85,11617.28,11498.69,11553.83,0
2018-10-22T20:00:00,11665.68,11677.45,11497.09,11524.34,0
2018-10-23T20:00:00,11367.57,11394.21,11228.50,11274.28,0
2018-10-24T20:00:00,11298.65,11391.94,11166.84,11191.63,0
2018-10-25T20:00:00,11098.68,11324.92,11078.37,11307.12,0
2018-10-26T20:00:00,11180.96,11205.83,11051.04,11200.62,0
2018-10-29T20:00:00,11270.67,11444.86,11218.92,11335.48,0
2018-10-30T20:00:00,11391.78,11394.37,11212.58,11287.39,0
2018-10-31T20:00:00,11417.09,11499.38,11391.64,11447.51,0
2018-11-01T20:00:00,11419.61,11575.43,11416.36,11468.54,0
2018-11-02T20:00:00,11636.37,11689.96,11518.87,11518.99,0
2018-11-05T20:00:00,11522.33,11555.97,11479.19,11494.96,0
2018-11-06T20:00:00,11518.17,11528.52,11436.53,11484.34,0
2018-11-07T20:00:00,11542.09,11634.81,11532.34,11579.10,0
2018-11-08T20:00:00,11629.00,11648.79,11503.36,11527.32,0
2018-11-09T20:00:00,11489.19,11549.06,11418.35,11529.16,0
2018-11-12T20:00:00,11591.59,11598.51,11310.72,11325.44,0
2018-11-13T20:00:00,11374.11,11495.69,11349.94,11472.22,0
2018-11-14T20:00:00,11394.75,11566.79,11314.60,11412.53,0
2018-11-15T20:00:00,11447.84,11500.66,11254.92,11353.67,0
2018-11-16T20:00:00,11425.80,11448.56,11233.21,11341.00,0
2018-11-19T20:00:00,11384.00,11419.55,11231.59,11244.54,0
2018-11-20T20:00:00,11157.65,11187.16,11009.25,11066.41,0
2018-11-21T20:00:00,11138.25,11257.83,11113.34,11244.17,0
2018-11-22T20:00:00,11216.29,11221.77,11119.04,11138.49,0
2018-11-23T20:00:00,11146.55,11205.99,11093.52,11192.69,0
2018-11-26T20:00:00,11315.90,11390.93,11301.82,11354.72,0
2018-11-27T20:00:00,11380.79,11400.05,11264.65,11309.11,0
2018-11-28T20:00:00,11355.80,11358.80,11279.46,11298.88,0
2018-11-29T20:00:00,11377.21,11403.72,11275.70,11298.23,0
2018-11-30T20:00:00,11311.66,11315.30,11208.60,11257.24,0
2018-12-03T20:00:00,11534.75,11566.97,11457.61,11465.46,0
2018-12-04T20:00:00,11429.82,11442.19,11330.44,11335.32,0
2018-12-05T20:00:00,11204.32,11266.28,11177.15,11200.24,0
2018-12-06T20:00:00,11053.58,11063.44,10762.41,10810.98,0
2018-12-07T20:00:00,10876.34,10927.37,10788.09,10788.09,0
2018-12-10T20:00:00,10726.17,10757.73,10585.77,10622.07,0
2018-12-11T20:00:00,10711.40,10884.62,10684.62,10780.51,0
2018-12-12T20:00:00,10832.04,10971.12,10815.51,10929.43,0
2018-12-13T20:00:00,10978.68,10988.77,10887.26,10924.70,0
2018-12-14T20:00:00,10809.58,10903.39,10733.75,10865.77,0
2018-12-17T20:00:00,10852.99,10886.80,10700.62,10772.20,0
2018-12-18T20:00:00,10744.28,10841.42,10714.97,10740.89,0
2018-12-19T20:00:00,10777.42,10831.44,10749.55,10766.21,0
2018-12-20T20:00:00,10621.18,10686.37,10563.44,10611.10,0
2018-12-21T20:00:00,10573.08,10654.66,10512.64,10633.82,0
2018-12-27T20:00:00,10607.42,10635.45,10279.20,10381.51,0
2018-12-28T20:00:00,10452.02,10586.80,10431.38,10558.96,0
2019-01-02T20:00:00,10477.77,10612.72,10386.97,10580.19,0
2019-01-03T20:00:00,10467.11,10538.66,10400.11,10416.66,0
2019-01-04T20:00:00,10533.94,10786.34,10483.90,10767.69,0
2019-01-07T20:00:00,10814.39,10814.47,10681.27,10747.81,0
2019-01-08T20:00:00,10750.19,10910.71,10745.03,10803.98,0
2019-01-09T20:00:00,10884.75,10961.92,10839.09,10893.32,0
2019-01-10T20:00:00,10843.89,10927.13,10788.05,10921.59,0
2019-01-11T20:00:00,10949.13,10959.00,10829.92,10887.46,0
2019-01-14T20:00:00,10820.85,10886.23,10786.75,10855.91,0
2019-01-15T20:00:00,10962.95,10994.83,10812.59,10891.79,0
2019-01-16T20:00:00,10940.36,10947.87,10866.39,10931.24,0
2019-01-17T20:00:00,10852.50,10929.30,10822.25,10918.62,0
2019-01-18T20:00:00,11001.31,11216.82,10993.83,11205.54,0
2019-01-21T20:00:00,11176.12,11179.91,11125.53,11136.20,0
2019-01-22T20:00:00,11076.98,11142.22,11034.55,11090.11,0
2019-01-23T20:00:00,11043.64,11135.75,11007.21,11071.54,0
2019-01-24T20:00:00,11045.64,11149.32,11032.53,11130.18,0
2019-01-25T20:00:00,11234.05,11321.62,11218.35,11281.79,0
2019-01-28T20:00:00,11233.16,11275.21,11196.42,11210.31,0
2019-01-29T20:00:00,11191.52,11276.28,11159.17,11218.83,0
2019-01-30T20:00:00,11210.68,11215.21,11132.38,11181.66,0
2019-01-31T20:00:00,11257.92,11311.37,11051.11,11173.10,0
2019-02-01T20:00:00,11198.46,11218.51,11116.08,11180.66,0
2019-02-04T20:00:00,11180.42,11209.31,11100.34,11176.58,0
2019-02-05T20:00:00,11178.75,11371.74,11177.70,11367.98,0
2019-02-06T20:00:00,11337.54,11347.94,11297.42,11324.72,0
2019-02-07T20:00:00,11262.97,11286.46,11022.02,11022.02,0
2019-02-08T20:00:00,10991.79,11045.41,10863.56,10906.78,0
2019-02-11T20:00:00,10955.83,11041.95,10944.58,11014.59,0
2019-02-12T20:00:00,11123.43,11164.38,11116.86,11126.08,0
2019-02-13T20:00:00,11174.85,11217.30,11125.59,11167.22,0
2019-02-14T20:00:00,11257.80,11260.55,11077.78,11089.79,0
2019-02-15T20:00:00,11044.80,11323.05,11018.95,11299.80,0
2019-02-18T20:00:00,11287.74,11318.19,11256.27,11299.20,0
2019-02-19T20:00:00,11280.73,11371.44,11244.52,11309.21,0
2019-02-20T20:00:00,11338.74,11437.47,11318.74,11401.97,0
2019-02-21T20:00:00,11448.65,11454.44,11392.27,11423.28,0
2019-02-22T20:00:00,11422.62,11504.71,11420.74,11457.70,0
2019-02-25T20:00:00,11517.76,11544.31,11480.49,11505.39,0
2019-02-26T20:00:00,11446.29,11556.87,11441.87,11540.79,0
2019-02-27T20:00:00,11493.81,11521.22,11442.97,11487.33,0
2019-02-28T20:00:00,11430.80,11524.99,11416.08,11515.64,0
2019-03-01T20:00:00,11584.24,11676.86,11583.08,11601.68,0
2019-03-04T20:00:00,11646.21,11650.44,11591.74,11592.66,0
2019-03-05T20:00:00,11570.97,11627.78,11551.45,11620.74,0
2019-03-06T20:00:00,11593.21,11652.77,11565.22,11587.63,0
2019-03-07T20:00:00,11546.42,11612.95,11452.86,11517.80,0
2019-03-08T20:00:00,11429.77,11475.55,11405.21,11457.84,0
2019-03-11T20:00:00,11497.98,11550.59,11462.90,11543.48,0
2019-03-12T20:00:00,11612.46,11618.73,11499.47,11524.17,0
2019-03-13T20:00:00,11499.32,11586.90,11486.74,11572.41,0
2019-03-14T20:00:00,11573.42,11635.76,11541.10,11587.47,0
2019-03-15T20:00:00,11608.67,11725.66,11575.33,11685.69,0
2019-03-18T20:00:00,11685.54,11712.36,11635.88,11657.06,0
2019-03-19T20:00:00,11672.76,11823.29,11652.02,11788.41,0
2019-03-20T20:00:00,11704.44,11721.41,11596.20,11603.89,0
2019-03-21T20:00:00,11566.87,11582.54,11467.79,11549.96,0
2019-03-22T20:00:00,11578.39,11623.97,11356.49,11364.17,0
2019-03-25T20:00:00,11323.20,11392.00,11312.54,11346.65,0
2019-03-26T20:00:00,11374.18,11447.13,11299.80,11419.48,0
2019-03-27T20:00:00,11439.02,11502.35,11368.13,11419.04,0
2019-03-28T20:00:00,11422.16,11494.15,11414.66,11428.16,0
2019-03-29T20:00:00,11492.09,11549.42,11442.12,11526.04,0
2019-04-01T20:00:00,11617.18,11706.64,11612.70,11681.99,0
2019-04-02T20:00:00,11703.24,11777.65,11659.15,11754.79,0
2019-04-03T20:00:00,11855.40,11961.36,11854.21,11954.40,0
2019-04-04T20:00:00,11924.61,12029.26,11916.57,11988.01,0
2019-04-05T20:00:00,11993.22,12024.23,11967.70,12009.75,0
2019-04-08T20:00:00,11979.73,11989.59,11948.26,11963.40,0
2019-04-09T20:00:00,11927.01,11988.53,11850.57,11850.57,0
2019-04-10T20:00:00,11864.46,11937.11,11863.80,11905.91,0
2019-04-11T20:00:00,11914.51,11963.43,11846.60,11935.20,0
2019-04-12T20:00:00,11912.58,12031.15,11889.99,11999.93,0
2019-04-15T20:00:00,12011.11,12029.98,11983.33,12020.28,0
2019-04-16T20:00:00,12026.74,12116.25,12025.66,12101.32,0
2019-04-17T20:00:00,12100.44,12195.00,12086.89,12153.07,0
2019-04-18T20:00:00,12138.14,12243.63,12100.00,12222.39,0
2019-04-23T20:00:00,12224.32,12251.81,12182.98,12235.51,0
2019-04-24T20:00:00,12232.99,12349.83,12223.98,12313.16,0
2019-04-25T20:00:00,12304.53,12321.79,12236.14,12282.60,0
2019-04-26T20:00:00,12284.46,12323.64,12259.76,12315.18,0
2019-04-29T20:00:00,12308.98,12376.06,12266.34,12328.02,0
2019-04-30T20:00:00,12313.97,12345.31,12281.72,12344.08,0
2019-05-02T20:00:00,12349.10,12402.87,12303.96,12345.42,0
2019-05-03T20:00:00,12345.32,12435.67,12344.23,12412.75,0
2019-05-06T20:00:00,12171.90,12298.66,12135.42,12286.88,0
2019-05-07T20:00:00,12298.71,12319.05,12056.80,12092.74,0
2019-05-08T20:00:00,12110.87,12208.48,12063.74,12179.93,0
2019-05-09T20:00:00,12098.02,12125.96,11957.31,11973.92,0
2019-05-10T20:00:00,12105.28,12140.61,12009.75,12059.83,0
2019-05-13T20:00:00,12044.10,12052.93,11844.47,11876.65,0
2019-05-14T20:00:00,11908.77,11991.83,11897.93,11991.62,0
2019-05-15T20:00:00,12018.45,12099.57,11862.21,12099.57,0
2019-05-16T20:00:00,12077.36,12310.37,12030.30,12310.37,0
2019-05-17T20:00:00,12252.68,12270.89,12150.33,12238.94,0
2019-05-20T20:00:00,12226.85,12246.50,11993.91,12041.29,0
2019-05-21T20:00:00,12111.80,12178.25,12066.90,12143.47,0
2019-05-22T20:00:00,12141.46,12211.03,12055.50,12168.74,0
2019-05-23T20:00:00,12064.29,12082.75,11926.34,11952.41,0
2019-05-24T20:00:00,12027.31,12082.05,11990.79,12011.04,0
2019-05-27T20:00:00,12077.88,12124.55,12050.49,12071.18,0
2019-05-28T20:00:00,12100.39,12113.31,11992.41,12027.05,0
2019-05-29T20:00:00,11906.02,11927.64,11828.75,11837.81,0
2019-05-30T20:00:00,11885.07,11924.66,11858.29,11902.08,0
2019-05-31T20:00:00,11742.21,11755.12,11662.07,11726.84,0
2019-06-03T20:00:00,11661.12,11793.63,11620.64,11792.81,0
2019-06-04T20:00:00,11716.55,11987.89,11713.87,11971.17,0
2019-06-05T20:00:00,11981.18,12057.73,11928.87,11980.81,0
2019-06-06T20:00:00,11987.92,12076.95,11899.82,11953.14,0
2019-06-07T20:00:00,12003.92,12096.61,11987.17,12045.38,0
2019-06-11T20:00:00,12133.60,12227.40,12117.34,12155.81,0
2019-06-12T20:00:00,12093.98,12132.28,12068.11,12115.68,0
2019-06-13T20:00:00,12095.21,12201.78,12079.60,12169.05,0
2019-06-14T20:00:00,12124.36,12136.65,12049.76,12096.40,0
2019-06-17T20:00:00,12112.47,12124.68,12059.92,12085.82,0
2019-06-18T20:00:00,12069.37,12358.00,11987.55,12331.75,0
2019-06-19T20:00:00,12321.43,12346.70,12291.19,12308.53,0
2019-06-20T20:00:00,12409.58,12438.37,12355.39,12355.39,0
2019-06-21T20:00:00,12351.98,12425.20,12316.41,12339.92,0
2019-06-24T20:00:00,12308.11,12341.56,12250.71,12274.57,0
2019-06-25T20:00:00,12226.88,12284.57,12213.41,12228.44,0
2019-06-26T20:00:00,12210.52,12315.84,12189.49,12245.32,0
2019-06-27T20:00:00,12308.26,12334.57,12209.34,12271.03,0
2019-06-28T20:00:00,12302.77,12408.22,12297.63,12398.80,0
2019-07-01T20:00:00,12616.34,12619.68,12519.30,12521.38,0
2019-07-02T20:00:00,12546.93,12548.22,12484.26,12526.72,0
2019-07-03T20:00:00,12548.30,12631.81,12545.79,12616.24,0
2019-07-04T20:00:00,12644.35,12656.05,12616.29,12629.90,0
2019-07-05T20:00:00,12632.12,12632.12,12522.11,12568.53,0
2019-07-08T20:00:00,12541.18,12587.44,12507.72,12543.51,0
2019-07-09T20:00:00,12436.97,12477.58,12364.16,12436.55,0
2019-07-10T20:00:00,12412.99,12448.81,12356.80,12373.41,0
2019-07-11T20:00:00,12401.02,12417.93,12307.34,12332.12,0
2019-07-12T20:00:00,12318.50,12354.87,12304.98,12323.32,0
2019-07-15T20:00:00,12346.59,12434.14,12301.08,12387.34,0
2019-07-16T20:00:00,12392.19,12465.19,12366.97,12430.97,0
2019-07-17T20:00:00,12429.87,12453.33,12324.33,12341.03,0
2019-07-18T20:00:00,12194.33,12296.30,12172.59,12227.85,0
2019-07-19T20:00:00,12302.64,12340.11,12211.67,12260.07,0
2019-07-22T20:00:00,12243.58,12346.02,12236.70,12289.40,0
2019-07-23T20:00:00,12384.66,12531.16,12369.19,12490.74,0
2019-07-24T20:00:00,12510.52,12550.34,12476.55,12522.89,0
2019-07-25T20:00:00,12576.02,12599.93,12299.10,12362.10,0
2019-07-26T20:00:00,12363.86,12428.05,12356.15,12419.90,0
2019-07-29T20:00:00,12398.29,12473.97,12387.58,12417.47,0
2019-07-30T20:00:00,12398.24,12404.51,12115.28,12147.24,0
2019-07-31T20:00:00,12149.09,12226.49,12139.03,12189.04,0
2019-08-01T20:00:00,12134.71,12254.03,12129.33,12253.15,0
2019-08-02T20:00:00,12033.68,12034.91,11836.75,11872.44,0
2019-08-05T20:00:00,11758.44,11797.52,11628.57,11658.51,0
2019-08-06T20:00:00,11690.27,11748.83,11567.96,11567.96,0
2019-08-07T20:00:00,11636.34,11747.74,11559.76,11650.15,0
2019-08-08T20:00:00,11752.96,11845.41,11683.99,11845.41,0
2019-08-09T20:00:00,11806.82,11865.63,11674.11,11693.80,0
2019-08-12T20:00:00,11801.06,11836.97,11647.01,11679.68,0
2019-08-13T20:00:00,11632.85,11835.88,11539.63,11750.13,0
2019-08-14T20:00:00,11758.75,11759.57,11459.37,11492.66,0
2019-08-15T20:00:00,11522.46,11530.01,11266.48,11412.67,0
2019-08-16T20:00:00,11460.65,11578.84,11447.34,11562.74,0
2019-08-19T20:00:00,11679.72,11759.00,11625.67,11715.37,0
2019-08-20T20:00:00,11711.78,11764.93,11618.93,11651.18,0
2019-08-21T20:00:00,11673.66,11824.66,11673.37,11802.85,0
2019-08-22T20:00:00,11756.21,11853.14,11715.26,11747.04,0
2019-08-23T20:00:00,11805.48,11823.12,11611.51,11611.51,0
2019-08-26T20:00:00,11619.66,11696.78,11551.99,11658.04,0
2019-08-27T20:00:00,11638.51,11778.62,11616.09,11730.02,0
2019-08-28T20:00:00,11704.67,11717.79,11573.64,11701.02,0
2019-08-29T20:00:00,11686.84,11853.91,11661.73,11838.88,0
2019-08-30T20:00:00,11850.30,11989.44,11845.16,11939.28,0
2019-09-02T20:00:00,11939.99,11994.11,11929.91,11953.78,0
2019-09-03T20:00:00,11921.94,11956.69,11869.28,11910.86,0
2019-09-04T20:00:00,12043.96,12078.40,11999.83,12025.04,0
2019-09-05T20:00:00,12117.90,12151.31,12084.17,12126.78,0
2019-09-06T20:00:00,12146.00,12205.10,12131.29,12191.73,0
2019-09-09T20:00:00,12210.87,12245.11,12189.60,12226.10,0
2019-09-10T20:00:00,12210.88,12292.14,12179.88,12268.71,0
2019-09-11T20:00:00,12341.84,12394.28,12317.61,12359.07,0
2019-09-12T20:00:00,12399.40,12471.83,12311.81,12410.25,0
2019-09-13T20:00:00,12412.72,12494.25,12408.93,12468.53,0
2019-09-16T20:00:00,12387.68,12421.25,12362.98,12380.31,0
2019-09-17T20:00:00,12370.96,12392.97,12303.51,12372.61,0
2019-09-18T20:00:00,12361.23,12416.05,12354.49,12389.62,0
2019-09-19T20:00:00,12355.92,12466.78,12354.83,12457.70,0
2019-09-20T20:00:00,12462.57,12490.84,12418.50,12468.01,0
2019-09-23T20:00:00,12432.30,12441.02,12264.14,12342.33,0
2019-09-24T20:00:00,12368.96,12375.31,12307.15,12307.15,0
2019-09-25T20:00:00,12250.08,12261.06,12141.82,12234.18,0
2019-09-26T20:00:00,12227.77,12313.15,12223.29,12288.54,0
2019-09-27T20:00:00,12327.79,12404.47,12324.71,12380.94,0
2019-09-30T20:00:00,12367.81,12441.03,12346.94,12428.08,0
2019-10-01T20:00:00,12469.67,12497.28,12263.83,12263.83,0
2019-10-02T20:00:00,12221.74,12226.86,11925.25,11925.25,0
2019-10-04T20:00:00,11958.31,12012.91,11878.98,12012.81,0
2019-10-07T20:00:00,12008.77,12105.09,11969.32,12097.43,0
2019-10-08T20:00:00,12097.89,12097.94,11933.02,11970.20,0
2019-10-09T20:00:00,11973.82,12165.53,11953.12,12094.26,0
2019-10-10T20:00:00,12082.89,12202.71,12029.46,12164.20,0
2019-10-11T20:00:00,12248.88,12511.65,12240.94,12511.65,0
2019-10-14T20:00:00,12468.78,12495.24,12387.95,12486.56,0
2019-10-15T20:00:00,12565.68,12682.40,12511.90,12629.79,0
2019-10-16T20:00:00,12644.18,12698.37,12603.83,12670.11,0
2019-10-17T20:00:00,12655.32,12814.49,12647.86,12654.95,0
2019-10-18T20:00:00,12637.01,12700.38,12603.17,12633.60,0
2019-10-21T20:00:00,12661.93,12787.35,12646.28,12747.96,0
2019-10-22T20:00:00,12757.73,12791.31,12730.70,12754.69,0
2019-10-23T20:00:00,12702.92,12819.22,12699.85,12798.19,0
2019-10-24T20:00:00,12860.63,12914.24,12820.67,12872.10,0
2019-10-25T20:00:00,12886.42,12895.85,12834.00,12894.51,0
2019-10-28T20:00:00,12897.40,12986.49,12892.84,12941.71,0
2019-10-29T20:00:00,12946.34,12951.88,12897.34,12939.62,0
2019-10-30T20:00:00,12929.42,12944.26,12830.33,12910.23,0
2019-10-31T20:00:00,12937.59,12953.34,12795.09,12866.79,0
2019-11-01T20:00:00,12912.09,12992.07,12896.72,12961.05,0
2019-11-04T20:00:00,13022.95,13171.17,13019.18,13136.28,0
2019-11-05T20:00:00,13134.33,13166.08,13112.65,13148.50,0
2019-11-06T20:00:00,13150.94,13187.66,13110.91,13179.89,0
2019-11-07T20:00:00,13258.26,13300.76,13227.37,13289.46,0
2019-11-08T20:00:00,13248.62,13278.18,13195.83,13228.56,0
2019-11-11T20:00:00,13170.18,13225.62,13144.09,13198.37,0
2019-11-12T20:00:00,13243.53,13308.26,13214.66,13283.51,0
2019-11-13T20:00:00,13244.05,13273.82,13139.25,13230.07,0
2019-11-14T20:00:00,13198.33,13219.30,13159.69,13180.23,0
2019-11-15T20:00:00,13261.72,13261.72,13172.89,13241.75,0
2019-11-18T20:00:00,13255.78,13282.41,13137.88,13207.01,0
2019-11-19T20:00:00,13235.28,13374.27,13187.91,13221.12,0
2019-11-20T20:00:00,13127.45,13182.22,13071.33,13158.14,0
2019-11-21T20:00:00,13083.00,13171.85,13043.90,13137.70,0
2019-11-22T20:00:00,13145.77,13244.57,13120.63,13163.88,0
2019-11-25T20:00:00,13247.51,13268.97,13210.25,13246.45,0
2019-11-26T20:00:00,13256.40,13261.98,13193.75,13236.42,0
2019-11-27T20:00:00,13291.09,13314.92,13219.43,13287.07,0
2019-11-28T20:00:00,13247.61,13259.29,13215.71,13245.58,0
2019-11-29T20:00:00,13179.25,13290.33,13165.07,13236.38,0
2019-12-02T20:00:00,13264.93,13338.25,12954.50,12964.68,0
2019-12-03T20:00:00,13039.61,13086.03,12927.07,12989.29,0
2019-12-04T20:00:00,12998.66,13157.36,12995.32,13140.57,0
2019-12-05T20:00:00,13144.38,13188.64,13054.80,13054.80,0
2019-12-06T20:00:00,13087.51,13171.21,13055.98,13166.58,0
2019-12-09T20:00:00,13147.57,13170.77,13100.24,13105.61,0
2019-12-10T20:00:00,13065.83,13091.71,12886.55,13070.72,0
2019-12-11T20:00:00,13075.43,13169.77,13042.70,13146.74,0
2019-12-12T20:00:00,13167.56,13287.81,13105.07,13221.64,0
2019-12-13T20:00:00,13383.26,13423.41,13255.55,13282.72,0
2019-12-16T20:00:00,13349.86,13425.85,13338.38,13407.66,0
2019-12-17T20:00:00,13391.27,13394.47,13269.43,13287.83,0
2019-12-18T20:00:00,13266.35,13286.00,13215.88,13222.16,0
2019-12-19T20:00:00,13226.70,13248.98,13140.22,13211.96,0
2019-12-20T20:00:00,13210.26,13324.11,13201.80,13318.90,0
2019-12-23T20:00:00,13304.77,13331.86,13285.55,13300.98,0
2019-12-27T20:00:00,13338.32,13381.44,13311.52,13337.11,0
2019-12-30T20:00:00,13301.43,13316.62,13244.17,13249.01,0
2020-01-02T20:00:00,13233.71,13425.03,13225.16,13385.93,0
2020-01-03T20:00:00,13266.39,13282.74,13120.72,13219.14,0
2020-01-06T20:00:00,13085.49,13143.11,12948.17,13126.99,0
2020-01-07T20:00:00,13199.59,13283.88,13166.40,13226.83,0
2020-01-08T20:00:00,13140.49,13334.04,13106.27,13320.18,0
2020-01-09T20:00:00,13474.76,13523.34,13456.78,13495.06,0
2020-01-10T20:00:00,13533.46,13548.20,13483.31,13483.31,0
2020-01-13T20:00:00,13521.86,13529.21,13404.72,13451.52,0
2020-01-14T20:00:00,13439.20,13487.90,13362.20,13456.49,0
2020-01-15T20:00:00,13444.95,13458.91,13388.48,13432.30,0
2020-01-16T20:00:00,13463.46,13492.74,13382.98,13429.43,0
2020-01-17T20:00:00,13513.48,13557.78,13497.30,13526.13,0
2020-01-20T20:00:00,13503.83,13550.83,13487.21,13548.94,0
2020-01-21T20:00:00,13456.90,13560.68,13443.25,13555.87,0
2020-01-22T20:00:00,13601.65,13640.06,13498.03,13515.75,0
2020-01-23T20:00:00,13455.90,13486.14,13382.23,13388.42,0
2020-01-24T20:00:00,13512.84,13604.85,13510.79,13576.68,0
2020-01-27T20:00:00,13374.99,13399.42,13195.28,13204.77,0
2020-01-28T20:00:00,13274.01,13327.12,13163.36,13323.69,0
2020-01-29T20:00:00,13316.42,13371.30,13296.03,13345.00,0
2020-01-30T20:00:00,13186.49,13262.18,13118.97,13157.12,0
2020-01-31T20:00:00,13196.80,13208.47,12973.70,12981.97,0
2020-02-03T20:00:00,13033.17,13077.57,12987.53,13045.19,0
2020-02-04T20:00:00,13135.61,13282.63,13131.07,13281.74,0
2020-02-05T20:00:00,13224.27,13488.58,13223.14,13478.33,0
2020-02-06T20:00:00,13570.33,13606.97,13533.66,13574.82,0
2020-02-07T20:00:00,13530.77,13551.03,13463.98,13513.81,0
2020-02-10T20:00:00,13476.00,13501.74,13445.41,13494.03,0
2020-02-11T20:00:00,13604.74,13668.43,13557.96,13627.84,0
2020-02-12T20:00:00,13671.15,13758.70,13658.15,13749.78,0
2020-02-13T20:00:00,13695.93,13745.43,13576.96,13745.43,0
2020-02-14T20:00:00,13756.47,13788.51,13728.12,13744.21,0
2020-02-17T20:00:00,13770.67,13795.24,13754.04,13783.89,0
2020-02-18T20:00:00,13668.94,13731.39,13660.45,13681.19,0
2020-02-19T20:00:00,13751.05,13789.00,13710.78,13789.00,0
2020-02-20T20:00:00,13774.44,13788.41,13664.00,13664.00,0
2020-02-21T20:00:00,13609.94,13689.23,13500.50,13579.33,0
2020-02-24T20:00:00,13231.38,13236.58,12982.14,13035.24,0
2020-02-25T20:00:00,13132.04,13132.04,12778.66,12790.49,0
2020-02-26T20:00:00,12682.16,12849.17,12368.05,12774.88,0
2020-02-27T20:00:00,12526.60,12593.62,12211.63,12367.46,0
2020-02-28T20:00:00,11891.87,12008.59,11724.12,11890.35,0
2020-03-02T20:00:00,12030.27,12121.60,11624.63,11857.87,0
2020-03-03T20:00:00,12013.06,12272.99,11906.82,11985.39,0
2020-03-04T20:00:00,11992.59,12199.82,11929.24,12127.69,0
2020-03-05T20:00:00,12191.41,12207.77,11844.88,11944.72,0
2020-03-06T20:00:00,11694.56,11769.85,11447.20,11541.87,0
2020-03-09T20:00:00,10690.08,10995.22,10556.64,10625.02,0
2020-03-10T20:00:00,10724.98,11032.29,10423.90,10475.49,0
2020-03-11T20:00:00,10601.85,10761.43,10390.51,10438.68,0
2020-03-12T20:00:00,9863.99,9932.56,9139.12,9161.13,0
2020-03-13T20:00:00,9480.78,9985.74,9064.68,9232.08,0
2020-03-16T20:00:00,8728.48,8967.11,8255.65,8742.25,0
2020-03-17T20:00:00,9141.17,9145.93,8423.56,8939.10,0
2020-03-18T20:00:00,8613.35,8670.41,8400.18,8441.71,0
2020-03-19T20:00:00,8495.94,8668.48,8257.53,8610.43,0
2020-03-20T20:00:00,9080.49,9201.07,8838.30,8928.95,0
2020-03-23T20:00:00,8536.33,9071.14,8480.28,8741.15,0
2020-03-24T20:00:00,9242.06,9700.57,9102.17,9700.57,0
2020-03-25T20:00:00,9987.37,10137.62,9460.91,9874.26,0
2020-03-26T20:00:00,9621.24,10000.96,9526.17,10000.96,0
2020-03-27T20:00:00,9793.50,9886.18,9541.83,9632.52,0
2020-03-30T20:00:00,9725.88,9817.51,9453.79,9815.97,0
2020-03-31T20:00:00,9970.79,10096.42,9703.88,9935.84,0
2020-04-01T20:00:00,9610.67,9686.46,9498.05,9544.75,0
2020-04-02T20:00:00,9587.45,9650.27,9337.02,9570.82,0
2020-04-03T20:00:00,9535.27,9626.72,9470.20,9525.77,0
2020-04-06T20:00:00,9889.03,10097.31,9841.49,10075.17,0
2020-04-07T20:00:00,10464.11,10590.41,10225.02,10356.70,0
2020-04-08T20:00:00,10301.56,10340.79,10198.22,10332.89,0
2020-04-09T20:00:00,10490.65,10649.79,10311.70,10564.74,0
2020-04-14T20:00:00,10733.97,10820.17,10658.96,10696.56,0
2020-04-15T20:00:00,10678.19,10678.19,10243.11,10279.76,0
2020-04-16T20:00:00,10420.26,10438.37,10236.24,10301.54,0
2020-04-17T20:00:00,10607.35,10756.78,10542.71,10625.78,0
2020-04-20T20:00:00,10704.35,10707.31,10444.55,10675.90,0
2020-04-21T20:00:00,10519.44,10524.73,10249.85,10249.85,0
2020-04-22T20:00:00,10370.25,10425.02,10321.20,10415.03,0
2020-04-23T20:00:00,10437.38,10608.39,10325.11,10513.79,0
2020-04-24T20:00:00,10299.31,10486.47,10299.31,10336.09,0
2020-04-27T20:00:00,10551.07,10660.36,10523.10,10659.99,0
2020-04-28T20:00:00,10658.47,10897.82,10651.58,10795.63,0
2020-04-29T20:00:00,10812.74,11125.35,10789.52,11107.74,0
2020-04-30T20:00:00,11195.21,11235.57,10839.30,10861.64,0
2020-05-04T20:00:00,10543.36,10578.43,10426.06,10466.80,0
2020-05-05T20:00:00,10627.07,10736.95,10518.94,10729.46,0
2020-05-06T20:00:00,10716.51,10773.86,10598.90,10606.20,0
2020-05-07T20:00:00,10640.77,10761.86,10617.23,10759.27,0
2020-05-08T20:00:00,10882.44,10918.32,10819.07,10904.48,0
2020-05-11T20:00:00,10948.24,10986.22,10740.82,10824.99,0
2020-05-12T20:00:00,10777.74,10886.01,10772.58,10819.50,0
2020-05-13T20:00:00,10669.99,10698.13,10530.32,10542.66,0
2020-05-14T20:00:00,10418.04,10474.08,10160.89,10337.02,0
2020-05-15T20:00:00,10470.85,10547.19,10382.54,10465.17,0
2020-05-18T20:00:00,10683.86,11089.50,10677.52,11058.87,0
2020-05-19T20:00:00,11200.92,11201.18,10936.07,11075.29,0
2020-05-20T20:00:00,11029.33,11246.91,10978.57,11223.71,0
2020-05-21T20:00:00,11088.12,11194.92,11036.91,11065.93,0
2020-05-22T20:00:00,10896.28,11138.15,10867.17,11073.87,0
2020-05-25T20:00:00,11186.04,11391.28,11118.12,11391.28,0
2020-05-26T20:00:00,11488.99,11544.35,11429.88,11504.65,0
2020-05-27T20:00:00,11530.20,11747.20,11519.77,11657.69,0
2020-05-28T20:00:00,11746.78,11813.14,11654.83,11781.13,0
2020-05-29T20:00:00,11649.37,11729.98,11575.74,11586.85,0
2020-06-02T20:00:00,11896.70,12055.57,11850.34,12021.28,0
2020-06-03T20:00:00,12147.12,12507.41,12133.70,12487.36,0
2020-06-04T20:00:00,12390.03,12558.24,12326.44,12430.56,0
2020-06-05T20:00:00,12565.16,12858.79,12560.19,12847.68,0
2020-06-08T20:00:00,12722.68,12913.13,12670.95,12819.59,0
2020-06-09T20:00:00,12859.83,12864.91,12502.45,12617.99,0
2020-06-10T20:00:00,12719.15,12763.89,12471.06,12530.16,0
2020-06-11T20:00:00,12223.42,12301.95,11970.29,11970.29,0
2020-06-12T20:00:00,11876.34,12172.63,11828.66,11949.28,0
2020-06-15T20:00:00,11661.36,11968.06,11597.82,11911.35,0
2020-06-16T20:00:00,12168.37,12434.27,12132.80,12315.66,0
2020-06-17T20:00:00,12312.44,12432.23,12288.17,12382.14,0
2020-06-18T20:00:00,12347.49,12483.84,12189.67,12281.53,0
2020-06-19T20:00:00,12375.18,12447.15,12319.19,12330.76,0
2020-06-22T20:00:00,12194.48,12399.37,12172.12,12262.97,0
2020-06-23T20:00:00,12360.09,12616.12,12332.10,12523.76,0
2020-06-24T20:00:00,12459.81,12489.24,12093.94,12093.94,0
2020-06-25T20:00:00,12102.25,12236.46,11957.31,12177.87,0
2020-06-26T20:00:00,12308.48,12347.45,12060.89,12089.39,0
2020-06-29T20:00:00,12090.41,12297.68,12045.26,12232.12,0
2020-06-30T20:00:00,12287.94,12350.35,12188.09,12310.93,0
2020-07-01T20:00:00,12391.72,12391.72,12095.11,12260.57,0
2020-07-02T20:00:00,12378.80,12658.17,12370.72,12608.46,0
2020-07-03T20:00:00,12644.60,12649.98,12476.13,12528.18,0
2020-07-06T20:00:00,12774.77,12842.59,12655.21,12733.45,0
2020-07-07T20:00:00,12660.09,12661.12,12525.18,12616.80,0
2020-07-08T20:00:00,12542.58,12670.19,12463.22,12494.81,0
2020-07-09T20:00:00,12639.17,12709.68,12459.16,12489.46,0
2020-07-10T20:00:00,12442.22,12649.99,12416.69,12633.71,0
2020-07-13T20:00:00,12817.19,12836.41,12688.94,12799.97,0
2020-07-14T20:00:00,12642.23,12697.91,12535.90,12697.36,0
2020-07-15T20:00:00,12812.11,12999.84,12773.44,12930.98,0
2020-07-16T20:00:00,12857.30,12919.23,12805.47,12874.97,0
2020-07-17T20:00:00,12915.27,12954.25,12870.27,12919.61,0
2020-07-20T20:00:00,12898.11,13063.69,12811.72,13046.92,0
2020-07-21T20:00:00,13194.93,13313.90,13147.30,13171.83,0
2020-07-22T20:00:00,13165.29,13197.92,13067.06,13104.25,0
2020-07-23T20:00:00,13183.50,13217.73,13072.82,13103.39,0
2020-07-24T20:00:00,12919.31,12935.50,12812.02,12838.06,0
2020-07-27T20:00:00,12865.75,12908.66,12811.44,12838.66,0
2020-07-28T20:00:00,12886.23,12936.01,12746.46,12835.28,0
2020-07-29T20:00:00,12819.63,12864.39,12789.97,12822.26,0
2020-07-30T20:00:00,12762.12,12768.71,12253.92,12379.65,0
2020-07-31T20:00:00,12403.10,12524.75,12313.36,12313.36,0
2020-08-03T20:00:00,12374.46,12698.56,12365.61,12646.98,0
2020-08-04T20:00:00,12744.13,12768.58,12528.07,12600.87,0
2020-08-05T20:00:00,12667.12,12757.03,12632.99,12660.25,0
2020-08-06T20:00:00,12664.55,12799.21,12519.85,12591.68,0
2020-08-07T20:00:00,12634.79,12691.66,12517.44,12674.88,0
2020-08-10T20:00:00,12729.10,12753.12,12605.82,12687.53,0
2020-08-11T20:00:00,12806.97,13046.13,12802.06,12946.89,0
2020-08-12T20:00:00,12917.34,13101.12,12879.11,13058.63,0
2020-08-13T20:00:00,13044.47,13075.25,12956.30,12993.71,0
2020-08-14T20:00:00,12965.22,12971.08,12797.52,12901.34,0
2020-08-17T20:00:00,12924.88,12960.84,12847.85,12920.66,0
2020-08-18T20:00:00,12836.87,13052.84,12807.00,12881.76,0
2020-08-19T20:00:00,12838.63,12980.70,12833.80,12977.33,0
2020-08-20T20:00:00,12829.39,12891.14,12755.52,12830.00,0
2020-08-21T20:00:00,12879.45,12911.27,12633.71,12764.80,0
2020-08-24T20:00:00,12945.97,13104.31,12924.70,13066.54,0
2020-08-25T20:00:00,13136.77,13221.82,13060.87,13061.62,0
2020-08-26T20:00:00,13041.83,13192.32,13010.53,13190.15,0
2020-08-27T20:00:00,13206.58,13218.05,13087.37,13096.36,0
2020-08-28T20:00:00,13140.60,13147.24,12951.26,13033.20,0
2020-08-31T20:00:00,13103.93,13148.19,12923.76,12945.38,0
2020-09-01T20:00:00,13037.20,13127.28,12850.30,12974.25,0
2020-09-02T20:00:00,13071.66,13303.17,13062.17,13243.43,0
2020-09-03T20:00:00,13354.72,13460.46,13004.83,13057.77,0
2020-09-04T20:00:00,12916.12,13127.08,12753.69,12842.66,0
2020-09-07T20:00:00,12931.40,13117.61,12920.92,13100.28,0
2020-09-08T20:00:00,13126.23,13147.52,12856.55,12968.33,0
2020-09-09T20:00:00,12990.52,13257.54,12973.46,13237.21,0
2020-09-10T20:00:00,13265.51,13297.71,13161.93,13208.89,0
2020-09-11T20:00:00,13198.74,13255.47,13117.46,13202.84,0
2020-09-14T20:00:00,13329.61,13339.14,13159.72,13193.66,0
2020-09-15T20:00:00,13220.81,13262.81,13138.20,13217.67,0
2020-09-16T20:00:00,13224.16,13277.23,13181.56,13255.37,0
2020-09-17T20:00:00,13060.18,13245.87,13035.94,13208.12,0
2020-09-18T20:00:00,13210.86,13263.44,13116.25,13116.25,0
2020-09-21T20:00:00,12998.90,12998.90,12505.16,12542.44,0
2020-09-22T20:00:00,12629.71,12698.12,12592.97,12594.39,0
2020-09-23T20:00:00,12737.32,12830.70,12642.97,12642.97,0
2020-09-24T20:00:00,12520.47,12684.80,12512.50,12606.57,0
2020-09-25T20:00:00,12615.91,12622.77,12341.58,12469.20,0
2020-09-28T20:00:00,12673.73,12873.40,12660.15,12870.87,0
2020-09-29T20:00:00,12817.79,12859.14,12738.30,12825.82,0
2020-09-30T20:00:00,12754.77,12869.96,12698.42,12760.73,0
2020-10-01T20:00:00,12812.08,12836.65,12671.23,12730.77,0
2020-10-02T20:00:00,12558.78,12690.25,12539.86,12689.04,0
2020-10-05T20:00:00,12824.05,12842.48,12727.75,12828.31,0
2020-10-06T20:00:00,12858.97,12966.09,12779.65,12906.02,0
2020-10-07T20:00:00,12901.29,12959.02,12837.11,12928.57,0
2020-10-08T20:00:00,13011.23,13100.85,12956.64,13042.21,0
2020-10-09T20:00:00,13070.04,13096.44,13009.98,13051.23,0
2020-10-12T20:00:00,13086.06,13151.80,13058.34,13138.41,0
2020-10-13T20:00:00,13132.90,13132.90,12959.70,13018.99,0
2020-10-14T20:00:00,13012.69,13066.44,12975.12,13028.06,0
2020-10-15T20:00:00,12826.13,12839.55,12599.82,12703.75,0
2020-10-16T20:00:00,12773.35,12955.86,12733.06,12908.99,0
2020-10-19T20:00:00,12948.63,13028.73,12820.26,12854.66,0
2020-10-20T20:00:00,12819.15,12850.29,12725.45,12736.95,0
2020-10-21T20:00:00,12764.45,12765.05,12545.59,12557.64,0
2020-10-22T20:00:00,12429.41,12583.02,12345.45,12543.06,0
2020-10-23T20:00:00,12517.98,12718.27,12514.99,12645.75,0
2020-10-26T20:00:00,12303.41,12404.51,12174.22,12177.18,0
2020-10-27T20:00:00,12206.42,12223.60,12034.80,12063.57,0
2020-10-28T20:00:00,11848.31,11852.02,11457.12,11560.51,0
2020-10-29T20:00:00,11631.07,11707.43,11458.56,11598.07,0
2020-10-30T20:00:00,11472.61,11614.13,11450.08,11556.48,0
2020-11-02T20:00:00,11602.91,11838.00,11551.36,11788.28,0
2020-11-03T20:00:00,11858.81,12088.98,11851.03,12088.98,0
2020-11-04T20:00:00,11896.11,12329.96,11848.21,12324.22,0
2020-11-05T20:00:00,12420.88,12591.30,12398.59,12568.09,0
2020-11-06T20:00:00,12531.74,12595.87,12370.08,12480.02,0
2020-11-09T20:00:00,12713.19,13297.05,12670.58,13095.97,0
2020-11-10T20:00:00,13109.77,13237.59,13018.43,13163.11,0
2020-11-11T20:00:00,13205.95,13244.32,13138.76,13216.18,0
2020-11-12T20:00:00,13073.48,13168.09,13022.28,13052.95,0
2020-11-13T20:00:00,13036.97,13145.48,13004.82,13076.72,0
2020-11-16T20:00:00,13170.52,13277.45,13081.11,13138.61,0
2020-11-17T20:00:00,13130.54,13151.02,13050.41,13133.47,0
2020-11-18T20:00:00,13086.43,13213.63,13074.67,13201.89,0
2020-11-19T20:00:00,13101.71,13138.14,13034.51,13086.16,0
2020-11-20T20:00:00,13054.64,13172.91,13054.64,13137.25,0
2020-11-23T20:00:00,13215.44,13312.42,13126.97,13126.97,0
2020-11-24T20:00:00,13254.42,13296.76,13192.32,13292.44,0
2020-11-25T20:00:00,13346.77,13346.96,13235.82,13289.80,0
2020-11-26T20:00:00,13315.21,13316.19,13274.89,13286.57,0
2020-11-27T20:00:00,13280.51,13364.17,13272.74,13335.68,0
2020-11-30T20:00:00,13270.51,13445.11,13256.76,13291.16,0
2020-12-01T20:00:00,13371.66,13434.30,13334.99,13382.30,0
2020-12-02T20:00:00,13341.91,13359.27,13272.47,13313.24,0
2020-12-03T20:00:00,13304.83,13307.54,13223.93,13252.86,0
2020-12-04T20:00:00,13230.61,13315.37,13225.08,13298.96,0
2020-12-07T20:00:00,13255.78,13289.43,13163.26,13271.00,0
2020-12-08T20:00:00,13248.02,13297.49,13199.45,13278.49,0
2020-12-09T20:00:00,13344.14,13454.13,13327.87,13340.26,0
2020-12-10T20:00:00,13341.68,13370.44,13213.06,13295.73,0
2020-12-11T20:00:00,13255.24,13265.61,13009.48,13114.30,0
2020-12-14T20:00:00,13224.26,13292.30,13190.53,13223.16,0
2020-12-15T20:00:00,13216.49,13374.96,13210.15,13362.87,0
2020-12-16T20:00:00,13416.29,13596.74,13412.41,13565.98,0
2020-12-17T20:00:00,13691.49,13725.84,13649.53,13667.25,0
2020-12-18T20:00:00,13649.66,13774.45,13624.25,13630.51,0
2020-12-21T20:00:00,13398.22,13399.99,13060.34,13246.30,0
2020-12-22T20:00:00,13311.02,13441.59,13310.42,13418.11,0
2020-12-23T20:00:00,13456.63,13601.71,13456.63,13587.23,0
2020-12-28T20:00:00,13779.05,13818.65,13740.21,13790.29,0
2020-12-29T20:00:00,13873.35,13903.11,13747.08,13761.38,0
2020-12-30T20:00:00,13750.99,13797.09,13717.47,13718.78,0
2021-01-04T20:00:00,13890.22,13907.13,13647.79,13726.74,0
2021-01-05T20:00:00,13680.69,13768.13,13566.47,13651.22,0
2021-01-06T20:00:00,13687.08,13919.23,13617.11,13891.97,0
2021-01-07T20:00:00,13946.53,14007.47,13902.24,13968.24,0
2021-01-08T20:00:00,14106.60,14131.52,14007.71,14049.53,0
2021-01-11T20:00:00,13986.42,14007.65,13806.69,13936.66,0
2021-01-12T20:00:00,13985.89,13999.57,13871.44,13925.06,0
2021-01-13T20:00:00,13899.06,13978.43,13868.83,13939.71,0
2021-01-14T20:00:00,13973.77,14030.22,13942.88,13988.70,0
2021-01-15T20:00:00,13904.30,13958.16,13672.67,13787.73,0
2021-01-18T20:00:00,13701.98,13850.40,13701.74,13848.35,0
2021-01-19T20:00:00,13935.93,13940.05,13804.46,13815.06,0
2021-01-20T20:00:00,13848.77,13952.20,13835.99,13921.37,0
2021-01-21T20:00:00,13997.78,14026.35,13878.84,13906.67,0
2021-01-22T20:00:00,13858.05,13897.73,13744.26,13873.97,0
2021-01-25T20:00:00,13943.96,13946.85,13599.78,13643.95,0
2021-01-26T20:00:00,13687.39,13925.73,13670.23,13870.99,0
2021-01-27T20:00:00,13827.47,13851.84,13475.03,13620.46,0
2021-01-28T20:00:00,13500.64,13698.54,13310.95,13665.93,0
2021-01-29T20:00:00,13474.20,13593.03,13403.74,13432.87,0
2021-02-01T20:00:00,13559.94,13648.05,13518.45,13622.02,0
2021-02-02T20:00:00,13724.12,13844.94,13693.93,13835.16,0
2021-02-03T20:00:00,13986.72,13988.15,13866.39,13933.63,0
2021-02-04T20:00:00,13971.94,14069.89,13955.70,14060.29,0
2021-02-05T20:00:00,14061.69,14114.44,14013.13,14056.72,0
2021-02-08T20:00:00,14156.84,14169.49,14056.55,14059.91,0
2021-02-09T20:00:00,14055.60,14061.61,13962.14,14011.80,0
2021-02-10T20:00:00,14063.12,14063.12,13830.12,13932.97,0
2021-02-11T20:00:00,13958.39,14053.06,13916.63,14040.91,0
2021-02-12T20:00:00,13976.13,14050.96,13916.73,14049.89,0
2021-02-15T20:00:00,14109.07,14131.21,14074.25,14109.48,0
2021-02-16T20:00:00,14105.13,14130.74,14049.98,14064.60,0
2021-02-17T20:00:00,14028.10,14036.95,13894.06,13909.27,0
2021-02-18T20:00:00,13926.84,13961.05,13853.77,13886.93,0
2021-02-19T20:00:00,13941.40,14026.18,13892.72,13993.23,0
2021-02-22T20:00:00,13858.56,13975.08,13802.55,13950.04,0
2021-02-23T20:00:00,13984.98,13989.24,13664.71,13864.81,0
2021-02-24T20:00:00,13855.85,13998.30,13855.85,13976.00,0
2021-02-25T20:00:00,14045.02,14051.01,13879.17,13879.33,0
2021-02-26T20:00:00,13685.80,13881.26,13673.07,13786.29,0
2021-03-01T20:00:00,13962.43,14022.02,13873.83,14012.82,0
2021-03-02T20:00:00,13962.07,14101.79,13961.62,14039.80,0
2021-03-03T20:00:00,14130.86,14197.49,13979.73,14080.03,0
2021-03-04T20:00:00,14015.44,14095.81,13959.27,14056.34,0
2021-03-05T20:00:00,13958.54,14068.03,13868.20,13920.69,0
2021-03-08T20:00:00,14024.57,14402.92,13977.13,14380.91,0
2021-03-09T20:00:00,14345.51,14475.65,14309.35,14437.94,0
2021-03-10T20:00:00,14439.45,14560.97,14408.52,14540.25,0
2021-03-11T20:00:00,14553.54,14595.02,14515.07,14569.39,0
2021-03-12T20:00:00,14492.45,14527.42,14450.72,14502.39,0
2021-03-15T20:00:00,14504.49,14572.24,14409.35,14461.42,0
2021-03-16T20:00:00,14519.72,14601.79,14511.30,14557.58,0
2021-03-17T20:00:00,14565.29,14601.63,14539.70,14596.61,0
2021-03-18T20:00:00,14673.72,14804.01,14669.95,14775.52,0
2021-03-19T20:00:00,14697.26,14747.56,14563.21,14621.00,0
2021-03-22T20:00:00,14551.17,14677.12,14539.27,14657.21,0
2021-03-23T20:00:00,14582.07,14707.37,14516.22,14662.02,0
2021-03-24T20:00:00,14543.58,14619.04,14523.12,14610.39,0
2021-03-25T20:00:00,14550.40,14621.36,14422.65,14621.36,0
2021-03-26T20:00:00,14714.59,14776.32,14693.94,14748.94,0
2021-03-29T20:00:00,14809.80,14845.42,14756.04,14817.72,0
2021-03-30T20:00:00,14897.66,15029.70,14890.28,15008.61,0
2021-03-31T20:00:00,14982.12,15026.49,14973.59,15008.34,0
2021-04-01T20:00:00,15053.77,15110.92,15032.52,15107.17,0
2021-04-06T20:00:00,15289.97,15311.86,15209.90,15212.68,0
2021-04-07T20:00:00,15221.23,15242.73,15160.28,15176.36,0
2021-04-08T20:00:00,15236.44,15247.78,15144.11,15202.68,0
2021-04-09T20:00:00,15198.14,15243.56,15157.21,15234.16,0
2021-04-12T20:00:00,15238.85,15275.33,15212.24,15215.00,0
2021-04-13T20:00:00,15244.62,15281.65,15184.95,15234.36,0
2021-04-14T20:00:00,15253.59,15255.92,15191.51,15209.15,0
2021-04-15T20:00:00,15238.63,15271.69,15227.63,15255.33,0
2021-04-16T20:00:00,15277.85,15473.83,15274.22,15459.75,0
2021-04-19T20:00:00,15496.87,15501.84,15368.14,15368.39,0
2021-04-20T20:00:00,15361.15,15393.13,15109.54,15129.51,0
2021-04-21T20:00:00,15179.91,15210.69,15071.78,15195.97,0
2021-04-22T20:00:00,15252.04,15328.33,15230.20,15320.52,0
2021-04-23T20:00:00,15267.76,15309.09,15149.35,15279.62,0
2021-04-26T20:00:00,15297.93,15325.89,15237.02,15296.34,0
2021-04-27T20:00:00,15282.84,15293.89,15186.76,15249.27,0
2021-04-28T20:00:00,15320.40,15355.28,15266.61,15292.18,0
2021-04-29T20:00:00,15326.23,15329.72,15085.02,15154.20,0
2021-04-30T20:00:00,15204.39,15244.26,15135.91,15135.91,0
2021-05-03T20:00:00,15191.79,15268.56,15111.30,15236.47,0
2021-05-04T20:00:00,15259.50,15260.75,14845.27,14856.48,0
2021-05-05T20:00:00,14969.63,15170.78,14963.77,15170.78,0
2021-05-06T20:00:00,15170.77,15281.40,15092.77,15196.74,0
2021-05-07T20:00:00,15348.32,15406.41,15290.20,15399.65,0
2021-05-10T20:00:00,15417.53,15419.43,15347.96,15400.41,0
2021-05-11T20:00:00,15253.32,15255.89,15006.73,15119.75,0
2021-05-12T20:00:00,15144.04,15226.36,15058.11,15150.22,0
2021-05-13T20:00:00,14967.80,15235.89,14816.35,15199.68,0
2021-05-14T20:00:00,15301.74,15417.24,15214.68,15416.64,0
2021-05-17T20:00:00,15432.34,15482.23,15353.66,15396.62,0
2021-05-18T20:00:00,15514.72,15538.01,15344.10,15386.58,0
2021-05-19T20:00:00,15238.82,15266.53,14961.27,15113.56,0
2021-05-20T20:00:00,15207.32,15370.26,15102.35,15370.26,0
2021-05-21T20:00:00,15411.03,15467.19,15364.43,15437.51,0
2021-05-25T20:00:00,15548.29,15568.60,15465.09,15465.09,0
2021-05-26T20:00:00,15520.44,15541.86,15407.48,15450.72,0
2021-05-27T20:00:00,15419.20,15490.06,15350.67,15406.73,0
2021-05-28T20:00:00,15443.14,15548.72,15435.74,15519.98,0
2021-05-31T20:00:00,15496.48,15499.64,15414.38,15421.13,0
2021-06-01T20:00:00,15513.13,15685.40,15512.36,15567.36,0
2021-06-02T20:00:00,15570.77,15631.02,15554.02,15602.71,0
2021-06-03T20:00:00,15591.54,15657.15,15477.32,15632.67,0
2021-06-04T20:00:00,15651.69,15705.89,15607.92,15692.90,0
2021-06-07T20:00:00,15661.58,15732.06,15614.18,15677.15,0
2021-06-08T20:00:00,15674.41,15727.23,15638.32,15640.60,0
2021-06-09T20:00:00,15642.74,15669.14,15505.15,15581.14,0
2021-06-10T20:00:00,15610.08,15637.94,15513.36,15571.22,0
2021-06-11T20:00:00,15583.29,15703.84,15548.35,15693.27,0
2021-06-14T20:00:00,15739.89,15802.67,15673.64,15673.64,0
2021-06-15T20:00:00,15744.77,15792.35,15714.94,15729.52,0
2021-06-16T20:00:00,15756.83,15759.66,15674.61,15710.57,0
2021-06-17T20:00:00,15655.32,15752.34,15649.22,15727.67,0
2021-06-18T20:00:00,15720.52,15736.93,15426.76,15448.04,0
2021-06-21T20:00:00,15391.50,15606.57,15309.44,15603.24,0
2021-06-22T20:00:00,15587.57,15652.75,15518.31,15636.33,0
2021-06-23T20:00:00,15674.33,15675.90,15456.39,15456.39,0
2021-06-24T20:00:00,15528.55,15606.89,15476.67,15589.23,0
2021-06-25T20:00:00,15584.90,15612.66,15533.40,15607.97,0
2021-06-28T20:00:00,15570.80,15668.08,15542.17,15554.18,0
2021-06-29T20:00:00,15565.83,15752.93,15555.49,15690.59,0
2021-06-30T20:00:00,15700.06,15709.34,15461.20,15531.04,0
2021-07-01T20:00:00,15624.28,15708.78,15488.49,15603.81,0
2021-07-02T20:00:00,15644.84,15705.53,15616.43,15650.09,0
2021-07-05T20:00:00,15628.42,15673.88,15535.29,15661.97,0
2021-07-06T20:00:00,15615.07,15647.88,15466.66,15511.38,0
2021-07-07T20:00:00,15606.94,15700.95,15604.58,15692.71,0
2021-07-08T20:00:00,15584.72,15591.65,15304.41,15420.64,0
2021-07-09T20:00:00,15497.93,15687.93,15479.44,15687.93,0
